{"validate_eval_accuracy": 0.9532908704883227, "validate_eval_precision": 0.9525908355479169, "validate_eval_recall": 0.9532908704883227, "validate_eval_f-1": 0.9525667530577686, "_timestamp": 1669096616.6219351, "_runtime": 53.09096121788025, "_step": 5, "validate_strict_recall": 0.7672886937431395, "validate_strict_precision": 0.830166270783848, "validate_strict_f1": 0.7974900171135196, "validate_fuzzy_recall": 0.854006586169045, "validate_fuzzy_precision": 0.9032634032634033, "validate_fuzzy_f1": 0.8779446528664065, "validate_fuzzy_match_count": 75, "validate_missed_span_count": 14.5993413830955, "validate_misaligned_begin_end_count": 21.333333333333336, "validate_misaligned_begin": 38.666666666666664, "validate_misaligned_end": 40.0, "test_eval_accuracy": 0.9420864427860697, "test_eval_precision": 0.9413612562528116, "test_eval_recall": 0.9420864427860697, "test_eval_f-1": 0.9413797981757325, "test_strict_recall": 0.7358184764991896, "test_strict_precision": 0.7643097643097643, "test_strict_f1": 0.749793559042114, "test_fuzzy_recall": 0.8444084278768234, "test_fuzzy_precision": 0.8329297820823245, "test_fuzzy_f1": 0.8386298286700935, "test_fuzzy_match_count": 121, "test_missed_span_count": 15.559157212317668, "test_misaligned_begin_end_count": 17.355371900826448, "test_misaligned_begin": 43.80165289256198, "test_misaligned_end": 38.84297520661157, "gen_eval_accuracy": 0.9506048387096774, "gen_eval_precision": 0.9509899542661638, "gen_eval_recall": 0.9506048387096774, "gen_eval_f-1": 0.9442922776859183, "gen_strict_recall": 0.5737704918032787, "gen_strict_precision": 0.8333333333333334, "gen_strict_f1": 0.6796116504854368, "gen_fuzzy_recall": 0.7377049180327869, "gen_fuzzy_precision": 0.9183673469387755, "gen_fuzzy_f1": 0.8181818181818182, "gen_fuzzy_match_count": 4, "gen_missed_span_count": 26.229508196721312, "gen_misaligned_begin_end_count": 25.0, "gen_misaligned_begin": 50.0, "gen_misaligned_end": 25.0, "_wandb": {"runtime": 55}}